url,industry,title,top_selling_url,instagram_url,facebook_url,pintrest_url,twitter_url
100percent.com,,"100% Moto, MTB, Cycling and Sports Performance Gear",https://www.instagram.com/ride100percent/,100percent.com/collections/all?sort_by=best-selling,https://www.facebook.com/ride100percent,https://www.pinterest.com/100percent,https://twitter.com/ride100percent
100percentbeads.com,,100PercentBeads - Handmade and Custom Jewelry,https://www.instagram.com/100percentbeads,100percentbeads.com/collections/all?sort_by=best-selling,https://www.facebook.com/100percentbeads,https://www.pinterest.com/100percentbeads,https://twitter.com/100percentbeads
100percentdominanceprominence.com,,100% Dominance Prominence – 100% Dominance Prominence,https://www.instagram.com/100percentdominanceprominence,100percentdominanceprominence.com/collections/all?sort_by=best-selling,https://www.facebook.com/100percentdominanceprominence,https://www.pinterest.com/100percentdominanceprominence,https://twitter.com/100percentdominanceprominence
100percentelectronica.com,,100% Electronica | Music & Apparel,https://www.instagram.com/100percentelectronica,100percentelectronica.com/collections/all?sort_by=best-selling,https://www.facebook.com/100pelectronica,https://www.pinterest.com/100percentelectronica,https://twitter.com/100pelectronica
100percentnutrition.com.au,,100 Percent Nutrition | 100% Nutrition - The Athlete's Supplement Store,https://instagram.com/100percentnutrition,100percentnutrition.com.au/collections/all?sort_by=best-selling,https://www.facebook.com/100percentnutrition,https://www.pinterest.com/100percentnutrition,https://twitter.com/100percentnutrition
100percentpure.ca,,Natural Beauty Products | Pure & Organic Cosmetics | 100% PURE,https://www.instagram.com/100percentpure/,100percentpure.ca/collections/all?sort_by=best-selling,https://www.facebook.com/100percentpure,https://www.pinterest.com/100percentpure/,https://twitter.com/100percentpure
100percentpure.co.uk,,Natural Beauty Products | Pure & Organic Cosmetics | 100% PURE,https://www.instagram.com/100percentpure/,100percentpure.co.uk/collections/all?sort_by=best-selling,https://www.facebook.com/100percentpure,https://www.pinterest.com/100percentpure/,https://twitter.com/100percentpure
100percentpure.com,,Natural Beauty Products | Pure & Organic Cosmetics | 100% PURE,https://www.instagram.com/100percentpure/,100percentpure.com/collections/all?sort_by=best-selling,https://www.facebook.com/100percentpure,https://www.pinterest.com/100percentpure/,https://twitter.com/100percentpure
100percentpure.eu,,Natural Beauty Products | Pure & Organic Cosmetics | 100% PURE,https://www.instagram.com/100percentpure/,100percentpure.eu/collections/all?sort_by=best-selling,https://www.facebook.com/100percentpure,https://www.pinterest.com/100percentpure/,https://twitter.com/100percentpure
100percentsilkshop.com,,100% SILK – 100% SILK SHOP,https://www.instagram.com/100percentsilkshop,100percentsilkshop.com/collections/all?sort_by=best-selling,https://www.facebook.com/100percentsilkshop,https://www.pinterest.com/100percentsilkshop,https://twitter.com/100percentsilkshop
100prints.co.uk,,"Collectible Photography Prints, Female Photographers | 100Prints.co.uk",https://www.instagram.com/100prints/,100prints.co.uk/collections/all?sort_by=best-selling,https://www.facebook.com/100PrintsUK/,https://www.pinterest.com/100prints/,https://twitter.com/100prints
100salt.com,,100% Salt | Beach Inspired Products | Clothing Hats Decals Gifts,https://www.instagram.com/100salt,100salt.com/collections/all?sort_by=best-selling,https://www.facebook.com/100-Salt-109523170516088/,https://www.pinterest.com/100salt,https://twitter.com/100Salt
100senses.com,,100 SENSES ® | Mindful Bath and Body Care for Men & Women,http://instagram.com/100senses,100senses.com/collections/all?sort_by=best-selling,https://www.facebook.com/100senses,http://www.pinterest.com/100senses,http://twitter.com/100senses
100sjewelry.com,,100S Jewelry | Redefining Wedding Jewelry and Accessories – 100S JEWELRY,https://www.instagram.com/100sjewelry/,100sjewelry.com/collections/all?sort_by=best-selling,https://www.facebook.com/100S-JEWELRY-595216337249947/,https://www.pinterest.com/100sjewelry,https://twitter.com/100sjewelry
100soft.shop,,100% Soft - Shop,https://instagram.com/100soft,100soft.shop/collections/all?sort_by=best-selling,https://www.facebook.com/100soft,https://www.pinterest.com/100soft,https://twitter.com/100soft
100squared.com.au,,100Squared | Emerging Designer Market – 100squared,https://www.instagram.com/100squared_aus,100squared.com.au/collections/all?sort_by=best-selling,https://www.facebook.com/100Squared,https://www.pinterest.com/100squared,https://twitter.com/100squared
100strong.com.au,,100Strong,https://instagram.com/100strongtraining,100strong.com.au/collections/all?sort_by=best-selling,https://www.facebook.com/100strong,https://www.pinterest.com/100strong,https://twitter.com/100strong
100thieves.com,,100 Thieves,https://www.instagram.com/100thieves/,100thieves.com/collections/all?sort_by=best-selling,https://www.facebook.com/100thieves,https://www.pinterest.com/100thieves,https://twitter.com/100Thieves
100thousandmeals.org.au,,100 Thousand Meals - The Salvation Army,https://www.instagram.com/100thousandmeals,100thousandmeals.org.au/collections/all?sort_by=best-selling,https://www.facebook.com/sharer/sharer.php?u=http%3A//100thousandmeals.org.au/,https://www.pinterest.com/100thousandmeals,https://twitter.com/home?status=Help the @Salvos serve @100kMeals this Christmas by donating a meal for $10. Give a meal and give hope http%3A//100thousandmeals.org.au/
100trillions.com,,100Trillions.com,https://www.instagram.com/100trillions,100trillions.com/collections/all?sort_by=best-selling,https://www.facebook.com/100trillions,https://www.pinterest.com/100trillions,https://twitter.com/100trillions
100ultradeals.com,,Quality Goods At The Best Prices– 27 Ultra Deals,https://www.instagram.com/100ultradeals,100ultradeals.com/collections/all?sort_by=best-selling,https://www.facebook.com/100ultradeals,https://www.pinterest.com/100ultradeals,https://twitter.com/100ultradeals
100unicorns.com,,"100 Unicorns - Magical Unicorn Gift, Clothing & Toy Store 100 Unicorns - Magical Unicorn Gift, Clothing & Toy Store",https://instagram.com/100unicornsshop,100unicorns.com/collections/all?sort_by=best-selling,https://www.facebook.com/100-Unicorns-685794594964416/,https://www.pinterest.com/100unicornsshop,https://twitter.com/100unicorns
100ways.com,,100 Ways | Vintage and Modern Jewellery,https://instagram.com/100waysjewelry,100ways.com/collections/all?sort_by=best-selling,https://www.facebook.com/100waysjewelry,https://www.pinterest.com/100ways,https://twitter.com/100waysjewelry
101.watch,,101.Watch Store,https://instagram.com/101.watch,101.watch/collections/all?sort_by=best-selling,https://www.facebook.com/101,http://www.pinterest.com/101watch,https://twitter.com/101
1010discs.com,,"1010 Discs - Disc Golf Discs, Bags, & More - Fast Shipping",https://www.instagram.com/1010discs/,1010discs.com/collections/all?sort_by=best-selling,https://www.facebook.com/1010Discs/,https://www.pinterest.com/1010discs,https://twitter.com/1010discs
1012project.com,,1012 Project,https://www.instagram.com/1012project,1012project.com/collections/all?sort_by=best-selling,https://www.facebook.com/1012project,https://www.pinterest.com/1012project,https://twitter.com/1012project
101apparel.com,,101 Apparel,http://instagram.com/101apparel,101apparel.com/collections/all?sort_by=best-selling,http://www.facebook.com/101Apparel,https://www.pinterest.com/101apparel,http://www.twitter.com/101apparel
101avinc.com,,101 Audio Video is a professional CCTV security products provider – 101AVInc.,https://instagram.com/101avinc,101avinc.com/collections/all?sort_by=best-selling,https://www.facebook.com/101avinc,https://www.pinterest.com/101avinc,https://twitter.com/101AVINC
101cph.com,,101 COPENHAGEN – 101 CPH,https://www.instagram.com/101cph/?hl=da,101cph.com/collections/all?sort_by=best-selling,https://www.facebook.com/101CPH/,https://www.pinterest.com/101cph,https://twitter.com/101cph
101electronicsstore.com,,101 Electronics Store – 101-electronics,https://www.instagram.com/101electronicsstore,101electronicsstore.com/collections/all?sort_by=best-selling,https://www.facebook.com/101-Electronics-Store-505897486593918/,https://www.pinterest.com/101electronicsstore,https://twitter.com/101electronicsstore
101filmsinternational.com,,101 Films International,https://www.instagram.com/101filmsinternational,101filmsinternational.com/collections/all?sort_by=best-selling,https://www.facebook.com/101filmsinternational,https://www.pinterest.com/101filmsinternational,https://twitter.com/101filmsinternational
101rabbits.com,,101Rabbits,https://www.instagram.com/official101rabbits/,101rabbits.com/collections/all?sort_by=best-selling,https://www.facebook.com/101rabbits/,https://www.pinterest.com/101rabbits,https://twitter.com/101rabbitshaley
101rumena.com,,"101 RUMENA Makeup | Eyeshadow palette , Highlight palette & lipsticks – SHOP 101 RUMENA",https://www.instagram.com/shop_101rumena/,101rumena.com/collections/all?sort_by=best-selling,https://www.facebook.com/101rumena,https://www.pinterest.com/101rumena,https://twitter.com/Rumena_101
10yearsmusic.com,,10 Years Official Website – 10 Years Music,https://www.instagram.com/10yearsmusic/?hl=en,10yearsmusic.com/collections/all?sort_by=best-selling,https://www.facebook.com/10yearsmusic/,https://www.pinterest.com/10yearsmusic,https://twitter.com/10years
11-11.in,,11.11/eleven eleven,https://www.instagram.com/1111clothing/,11-11.in/collections/all?sort_by=best-selling,https://www.facebook.com/thekhadiway,https://www.pinterest.com/11-11,https://twitter.com/1111clothing
11-11.us,,11.11/eleven eleven – 11.11/ROW,https://www.instagram.com/1111clothing/,11-11.us/collections/all?sort_by=best-selling,https://www.facebook.com/thekhadiway,https://www.pinterest.com/11-11,https://twitter.com/1111clothing
1111collection.com,,11:11 COLLECTION,https://www.instagram.com/1111collection,1111collection.com/collections/all?sort_by=best-selling,https://www.facebook.com/1111collection,http://pinterest.com/1111collection,http://twitter.com/1111collection
1111supply.com,,Badass Tools for a Badass You – 11:11 Supply,https://instagram.com/1111supply,1111supply.com/collections/all?sort_by=best-selling,https://www.facebook.com/1111supply,https://www.pinterest.com/1111supply,https://twitter.com/1111supply
111skin.co.uk,,111SKIN - Luxury Skincare Products & Treatment Masks – 111SKIN UK,https://www.instagram.com/111skin/,111skin.co.uk/collections/all?sort_by=best-selling,https://www.facebook.com/111SKIN/,https://www.pinterest.com/111skin,https://twitter.com/111Skin
111skin.com,,111SKIN - Luxury Innovative Skincare,https://www.instagram.com/111skin/,111skin.com/collections/all?sort_by=best-selling,https://www.facebook.com/111SKIN/,https://www.pinterest.com/111skin,https://twitter.com/111Skin
111watches.com,,One Eleven: Eco Friendly Solar Powered Watches - 111 Watches,https://instagram.com/111watches,111watches.com/collections/all?sort_by=best-selling,https://www.facebook.com/OneElevenWatches/?fref=ts,https://www.pinterest.com/111watches,https://twitter.com/111watches
1126records.com,,1126 Records,https://www.instagram.com/1126records/,1126records.com/collections/all?sort_by=best-selling,https://www.facebook.com/1126Records/,https://www.pinterest.com/1126records,https://twitter.com/1126records
119corbo.com,,119 Corbo – 119corbo,https://www.instagram.com/119corbo/,119corbo.com/collections/all?sort_by=best-selling,https://www.facebook.com/119corbo,https://www.pinterest.com/119corbo,https://twitter.com/119corbo
101spacestars.com,,101spacestars.com -&nbsp101spacestars Resources and Information.,https://www.instagram.com/101spacestars,101spacestars.com/collections/all?sort_by=best-selling,https://www.facebook.com/101spacestars,https://www.pinterest.com/101spacestars,https://twitter.com/101spacestars
1020avenue.store,,1020 Avenue,https://www.instagram.com/1020avenue,1020avenue.store/collections/all?sort_by=best-selling,https://www.facebook.com/1020avenue,https://www.pinterest.com/1020avenue,https://twitter.com/1020avenue
1026.life,,1026 | Product Design Studio— 1026 studio,https://instagram.com/1026.life,1026.life/collections/all?sort_by=best-selling,https://www.facebook.com/1026,https://www.pinterest.com/1026,https://twitter.com/1026
1026.studio,,1026 | Product Design Studio— 1026 studio,https://instagram.com/1026.life,1026.studio/collections/all?sort_by=best-selling,https://www.facebook.com/1026,https://www.pinterest.com/1026,https://twitter.com/1026
1032space.com,,1032 Space,https://www.instagram.com/1032space,1032space.com/collections/all?sort_by=best-selling,https://www.facebook.com/1032space,https://www.pinterest.com/1032space,https://twitter.com/1032space
1060graphics.com,,"Custom Vinyl Lettering, Racing Stripes, Pinstripes & Decals – 1060 Graphics",https://www.instagram.com/1060_graphics,1060graphics.com/collections/all?sort_by=best-selling,https://www.facebook.com/my1060graphics,https://www.pinterest.com/1060graphics,https://twitter.com/1060graphics
1080pcollection.net,,1080pCollection,https://www.instagram.com/1080pcollection,1080pcollection.net/collections/all?sort_by=best-selling,https://www.facebook.com/1080pcollection,https://www.pinterest.com/1080pcollection,https://twitter.com/1080pcollection
108stitches.com,,108 Stitches Licensed Sports Apparel,https://instagram.com/the108stitches/,108stitches.com/collections/all?sort_by=best-selling,https://www.facebook.com/108stitches,https://www.pinterest.com/108stitches,https://twitter.com/108Stitches/
108warehouse.com,,108WAREHOUSE,http://instagram.com/108warehouse,108warehouse.com/collections/all?sort_by=best-selling,https://www.facebook.com/108warehouse,https://www.pinterest.com/108warehouse,https://twitter.com/108warehouse
109f.com,,109F Women's wear,https://www.instagram.com/the109f/,109f.com/collections/all?sort_by=best-selling,https://www.facebook.com/The109F/,https://www.pinterest.com/109f,https://twitter.com/109f
10andmorestore.com,,10 and more store,https://www.instagram.com/10andmorestore,10andmorestore.com/collections/all?sort_by=best-selling,https://www.facebook.com/sharer.php?u=https://10andmorestore.com,http://pinterest.com/pin/create/button/?url=https://10andmorestore.com&media=//cdn.shopify.com/s/assets/no-image-2048-5e88c1b20e087fb7bbe9a3771824e743c244f437e4f8ba93bbf7b11b53f7824c_1024x1024.gif&description=,https://twitter.com/share?text=&url=https://10andmorestore.com
10corsocomo.nyc,,10 Corso Como New York | Online Store– 10 Corso Como NYC,https://www.instagram.com/10corsocomo.newyork/,10corsocomo.nyc/collections/all?sort_by=best-selling,https://www.facebook.com/10corsocomo.newyork/,https://www.pinterest.com/corsocomo10/,https://twitter.com/10corsocomo
10daybellyslimdown.com,,"Bone Broth Expert, Weight Loss & Diet Specialist | Dr. Kellyann",https://www.instagram.com/drkellyannpetrucci/,10daybellyslimdown.com/collections/all?sort_by=best-selling,https://www.facebook.com/drkellyann,https://www.pinterest.com/drkellyann/,https://twitter.com/drkellyann
10daylashes.com,,100% Authentic Moitié Lashes – 10-Day Lashes,http://instagram.com/share?url=https://10daylashes.com/products/starter-lash-extension-kit&media=//cdn.shopify.com/s/files/1/0306/5292/3949/products/starter-kit_1024x1024.png?v=1590432129&description=Starter%20Lash%20Extension%20kit,10daylashes.com/collections/all?sort_by=best-selling,https://www.facebook.com/sharer.php?u=https://10daylashes.com/products/starter-lash-extension-kit,https://pinterest.com/pin/create/button/?url=https://10daylashes.com/products/starter-lash-extension-kit&media=//cdn.shopify.com/s/files/1/0306/5292/3949/products/starter-kit_1024x1024.png?v=1590432129&description=Starter%20Lash%20Extension%20kit,https://twitter.com/share?text=Starter%20Lash%20Extension%20kit&url=https://10daylashes.com/products/starter-lash-extension-kit
10days.nl,,10DAYS Officiële Online Store | Nieuwe collectie,https://www.instagram.com/10dayslifestyle/,10days.nl/collections/all?sort_by=best-selling,https://www.facebook.com/10dayslifestyle/,https://www.pinterest.com/10dayslifestyle/,https://twitter.com/10days
10dayslifestyle.com,,10DAYS Official Online Store | New collection online,https://www.instagram.com/10dayslifestyle/,10dayslifestyle.com/collections/all?sort_by=best-selling,https://www.facebook.com/10dayslifestyle/,https://www.pinterest.com/10dayslifestyle/,https://twitter.com/10dayslifestyle
10dayslifestyle.nl,,10DAYS Officiële Online Store | Nieuwe collectie,https://www.instagram.com/10dayslifestyle/,10dayslifestyle.nl/collections/all?sort_by=best-selling,https://www.facebook.com/10dayslifestyle/,https://www.pinterest.com/10dayslifestyle/,https://twitter.com/10dayslifestyle
10deep.com,,10.Deep® New York – 10.DEEP®,https://www.instagram.com/10deep,10deep.com/collections/all?sort_by=best-selling,https://www.facebook.com/10deep/,https://www.pinterest.com/10deep,https://twitter.com/10Deep
10dollarcoffee.com,,10dollarcoffee – 10dollarcoffee.com,http://instagram.com/10dollarcoffee,10dollarcoffee.com/collections/all?sort_by=best-selling,https://www.facebook.com/10dollarcoffee,https://www.pinterest.com/10dollarcoffee,https://twitter.com/10dollarcoffee
10dollarstore.com,,"10 Dollar Store - Best Apparel, Home&Garden, Toys and more under $10.",https://www.instagram.com/10dollarstorecom/,10dollarstore.com/collections/all?sort_by=best-selling,https://www.facebook.com/10dollarstorecom/,https://www.pinterest.com/10dollarstore/,https://twitter.com/10dollarstore_
10dynasties.com,,"Chinese Porcelain, Chinese Bronze, Chinese Jade, Chinese ceramic– 10 Dynasties",https://www.instagram.com/10dynasties,10dynasties.com/collections/all?sort_by=best-selling,https://www.facebook.com/10dynasties,https://www.pinterest.com/10dynasties,https://twitter.com/10dynasties
10freechemistry.com,,"10 Free Chemistry | Vegan, Cruelty Free, Non-Toxic Nail Polish– 10+ Free Chemistry10 Free Chemistry | Vegan, Cruelty Free, Non-Toxic Nail Polish",https://www.instagram.com/10freenailcolor,10freechemistry.com/collections/all?sort_by=best-selling,https://www.facebook.com/10freenailcolor,https://www.pinterest.com/10freechem/,https://twitter.com/10freenailcolor
10kcp.com,,"iPhone, Smartphone & Tablet Repair Sales10,000 Cellphones, Repairs, Tablets and Batteries",https://www.instagram.com/10000cellphones/,10kcp.com/collections/all?sort_by=best-selling,https://www.facebook.com/10kcp,https://www.pinterest.com/10kcp,https://twitter.com/10000cellphones
10oraciones.com,,¿Qué son las oraciones? » Oraciones ~ Qué son las oraciones; Ejemplos y Tipos,https://www.instagram.com/10oraciones,10oraciones.com/collections/all?sort_by=best-selling,https://www.facebook.com/10oraciones,https://www.pinterest.com/10oraciones,https://twitter.com/10oraciones
10palavras.com.br,,Palavras,https://www.instagram.com/10palavras,10palavras.com.br/collections/all?sort_by=best-selling,https://www.facebook.com/10palavras,https://www.pinterest.com/10palavras,https://twitter.com/10palavras
10solo.com,,Online shopping clothing for men and Women Clothes at best price india – 10solo.com,https://www.instagram.com/10solo.com_online_shopping,10solo.com/collections/all?sort_by=best-selling,https://www.facebook.com/10soloshopping/,https://www.pinterest.com/10soloo/,https://twitter.com/10soloS
10store.com,,I Saw It First | ISAWITFIRST.com | Women's Clothes | Online Fashion – I SAW IT FIRST,https://www.instagram.com/isawitfirst/,10store.com/collections/all?sort_by=best-selling,https://www.facebook.com/sharer.php?u=https://www.isawitfirst.com,https://www.pinterest.com/10store,https://twitter.com/share?text=&url=https://www.isawitfirst.com
10summersrecords.com,,10 Summers Records,https://www.instagram.com/10summers/,10summersrecords.com/collections/all?sort_by=best-selling,https://www.facebook.com/10summersrecords,https://www.pinterest.com/10summersrecords,https://twitter.com/10summersrecords
0-6.no,,Butikk for barnehager og folk som jobber med barn – 0-6 butikken,https://www.instagram.com/0-6,0-6.no/collections/all?sort_by=best-selling,https://www.facebook.com/0-6,https://www.pinterest.com/0-6,https://twitter.com/0-6
000100.shop,,000100,https://www.instagram.com/000100,000100.shop/collections/all?sort_by=best-selling,https://www.facebook.com/sharer.php?u=https://000100.shop,https://pinterest.com/pin/create/button/?url=https://000100.shop&media=&description=000100,https://twitter.com/share?text=000100&url=https://000100.shop
001skincare.com,,001 Skincare London - Award Winning Skincare,https://www.instagram.com/001skincare/,001skincare.com/collections/all?sort_by=best-selling,https://www.facebook.com/001skincare/,https://www.pinterest.com/001skincare,https://twitter.com/001skincare
007airsoft.com,,007 Airsoft - Canada's Airsoft Supplier Since 1998 – 007 Airsoft Ltd.,https://www.instagram.com/007airsoft,007airsoft.com/collections/all?sort_by=best-selling,https://www.facebook.com/007airsoft,https://www.pinterest.com/007airsoft,https://twitter.com/007airsoft
007store.com,,James Bond Merchandise | The Official James Bond 007 Store,https://www.instagram.com/007/,007store.com/collections/all?sort_by=best-selling,https://www.facebook.com/JamesBond007,https://www.pinterest.com/007store,https://twitter.com/007
0168ice.com,,0168 ICE|Streetwear & Designer Fashion – 0168ice,https://instagram.com/0168ice,0168ice.com/collections/all?sort_by=best-selling,https://www.facebook.com/0168ice-109504160493921/?ref=bookmarks,https://www.pinterest.com/0168ice,https://twitter.com/0168ice
017shop.ca,,017 Shop,https://www.instagram.com/017shop/,017shop.ca/collections/all?sort_by=best-selling,https://www.facebook.com/017vancouver/,https://www.pinterest.com/017shop/,https://twitter.com/017shop
020608tearsofbleu.com,,TEARS OF BLEU - Premium Designer Jeans - Tailored From Within,http://instagram.com/tearsofbleu,020608tearsofbleu.com/collections/all?sort_by=best-selling,https://www.facebook.com/pages/020608-Tears-of-Bleu/139283042785327,http://www.pinterest.com/tearsofbleu,http://www.twitter.com/tearsofbleu
04academy.com,,أكاديمية زيرو فور | دورات تدريبية أون لاين بشهادة معتمدة – 04academy,https://www.instagram.com/04academy,04academy.com/collections/all?sort_by=best-selling,https://www.facebook.com/04academy,https://www.pinterest.com/04academy,https://twitter.com/04academy
0770store.com,,Luxury Leather Accessories Made in Italy Brand – 0770,https://www.instagram.com/_0770_,0770store.com/collections/all?sort_by=best-selling,https://www.facebook.com/0770luglio1970,https://www.pinterest.com/0770store,https://twitter.com/0770luglio1970
082store.com,,082STORE에 오신것을 환영합니다.,https://www.instagram.com/082store,082store.com/collections/all?sort_by=best-selling,https://www.facebook.com/082store,https://www.pinterest.com/082store,https://twitter.com/082store
08left.com,,08 Left | The Top Brand for Aviation & Design Lovers,https://www.instagram.com/08left/,08left.com/collections/all?sort_by=best-selling,https://www.facebook.com/08Left-658123544252579/,https://www.pinterest.com/08left,https://twitter.com/08left
093l.com,,shoppingfeel,https://www.instagram.com/093l,093l.com/collections/all?sort_by=best-selling,https://www.facebook.com/093l,https://www.pinterest.com/093l,https://twitter.com/093l
09sharkboy.com,,09SharkBoy | Merch – 09sharkboyMerch,https://www.instagram.com/09sharkboy,09sharkboy.com/collections/all?sort_by=best-selling,https://www.facebook.com/09sharkboy,https://www.pinterest.com/09sharkboy,https://twitter.com/09sharkboy
0nlygifts.com,,0nlygifts,https://www.instagram.com/0nlygifts,0nlygifts.com/collections/all?sort_by=best-selling,https://www.facebook.com/0nlygifts,https://www.pinterest.com/0nlygifts,https://twitter.com/0nlygifts
0stock.work,,ZERO STOCK,https://www.instagram.com/0stock.work/,0stock.work/collections/all?sort_by=best-selling,https://www.facebook.com/0stock-103091964513786/,https://www.pinterest.com/0stock,https://twitter.com/0stock_work
10tation.com,,Event Catering & Planning Toronto - 10tation Event Catering,https://www.instagram.com/10tation_Event_Catering/,10tation.com/collections/all?sort_by=best-selling,https://www.https://www.facebook.com/10tationevent/,https://www.pinterest.com/10tation,https://twitter.com/10tation
10thave.org,,10thAve – Opening Soon,https://www.instagram.com/10thave,10thave.org/collections/all?sort_by=best-selling,https://www.facebook.com/sharer.php?u=https://10thave.org,https://pinterest.com/pin/create/button/?url=https://10thave.org&media=//cdn.shopify.com/s/assets/no-image-2048-5e88c1b20e087fb7bbe9a3771824e743c244f437e4f8ba93bbf7b11b53f7824c_1024x1024.gif&description=,https://twitter.com/share?text=&url=https://10thave.org
10thshop.com,,Discover emerging contemporary designer fashion online at 10thshop.com,https://instagram.com/10thshop,10thshop.com/collections/all?sort_by=best-selling,http://www.facebook.com/pages/10thshopcom/534722926557686,https://www.pinterest.com/10thshop,https://twitter.com/10thshop
10to12babylounge.com,,Cashmere Baby Blankets | Luxury Baby Gifts,https://www.instagram.com/10to12babylounge/,10to12babylounge.com/collections/all?sort_by=best-selling,https://www.facebook.com/10to12babylounge/,https://www.pinterest.com/10to12babylounge/,https://twitter.com/10to12babylounge
10to15.com,,10 TO 15 | The lifestyle you want; the remedies you need. – 10 to 15,https://www.instagram.com/10to15,10to15.com/collections/all?sort_by=best-selling,https://www.facebook.com/10to15,https://www.pinterest.com/10to15,https://twitter.com/10to15
10x.sg,,The 10x Life,https://www.instagram.com/kelvestor/?hl=en,10x.sg/collections/all?sort_by=best-selling,https://www.facebook.com/GrowthInvestingMastery/,https://www.pinterest.com/10x,https://twitter.com/10x
10xgadgets.com,,10x Gadgets,https://www.instagram.com/10xgadgets,10xgadgets.com/collections/all?sort_by=best-selling,https://www.facebook.com/10xgadgets,https://www.pinterest.com/10xgadgets,https://twitter.com/10xgadgets
10yearsmerch.com,,10 Years Official Website – 10 Years Music,https://www.instagram.com/10yearsmusic/?hl=en,10yearsmerch.com/collections/all?sort_by=best-selling,https://www.facebook.com/10yearsmusic/,https://www.pinterest.com/10yearsmerch,https://twitter.com/10years
1-4-k.com,,1.4.K,http://instagram.com/@1.4.K_,1-4-k.com/collections/all?sort_by=best-selling,https://www.facebook.com/1-4-k,https://www.pinterest.com/1-4-k,https://twitter.com/1-4-k
1-8takamura.com,,1/8 Takamura,https://www.instagram.com/1.8takamura/,1-8takamura.com/collections/all?sort_by=best-selling,https://www.facebook.com/unoctavotakamura,https://www.pinterest.com.mx/unoctavotakamura/boards/,https://twitter.com/1-8takamura
1-ounce.com,,1-Ounce Publishing by The Bar and Restaurant Experts – 1 Ounce Publishing Company,https://www.instagram.com/1-ounce,1-ounce.com/collections/all?sort_by=best-selling,https://www.facebook.com/1-ounce,https://www.pinterest.com/1-ounce,http://twitter.com/ryan_dahlstrom
1000-welcomes.com,,Moroccan Bohemian Home decor and Fashion Store – 1000welcomes,https://www.instagram.com/1000welcomes/,1000-welcomes.com/collections/all?sort_by=best-selling,https://www.facebook.com/1000welcomes.decor/,https://www.pinterest.com/1000welcomes/,https://twitter.com/1000-welcomes
1000hour.com.au,,1000 Hour1000 Hour At-home beauty products,https://www.instagram.com/1000hour,1000hour.com.au/collections/all?sort_by=best-selling,https://www.facebook.com/1000hour,https://www.pinterest.com/1000hour,https://twitter.com/1000hour
1000jewels.com,,"1000 Jewels, Fine, Fashion and Contemporary Jewelry, Really Low Prices",https://instagram.com/trustmarkjewelers/,1000jewels.com/collections/all?sort_by=best-selling,https://www.facebook.com/1000jewels,https://www.pinterest.com/1000jewels/,https://twitter.com/1000jewelz
1000scents.ca,,1000 Scents,https://www.instagram.com/1000scents,1000scents.ca/collections/all?sort_by=best-selling,https://www.facebook.com/1000scents,https://www.pinterest.com/1000scents,https://twitter.com/1000scents
1000things.com.au,,"1000 Things Australia: Fashion, Beauty, Jewellery, Games & more",https://www.instagram.com/salondonofficial/,1000things.com.au/collections/all?sort_by=best-selling,https://www.facebook.com/1000things,https://www.pinterest.com/1000things,https://twitter.com/1000things
1001extensions.com,,Extensions de Cheveux 100% Naturels - 1001 Extensions,https://www.instagram.com/1001extensions,1001extensions.com/collections/all?sort_by=best-selling,https://www.facebook.com/1001extensions,https://www.pinterest.com/1001extensions,https://twitter.com/1001extensions
1001extensions.se,,100% Naturligt ÄKTA LÖSHÅR- 1001 Extensions,https://www.instagram.com/1001extensions,1001extensions.se/collections/all?sort_by=best-selling,https://www.facebook.com/1001extensions,https://www.pinterest.com/1001extensions,https://twitter.com/1001extensions
1001gym.com,,1001GYM,https://www.instagram.com/1001.tayt/?hl=tr,1001gym.com/collections/all?sort_by=best-selling,https://www.facebook.com/1001gym,https://www.pinterest.com/1001gym,https://twitter.com/1001gym
1001remedies.com,,"1001 Remedies | 1001 Remedies | Natural remedies for Sleep, Skin Care & Detox",https://www.instagram.com/1001_remedies/,1001remedies.com/collections/all?sort_by=best-selling,https://www.facebook.com/1001Remedies/?fref=ts,https://fr.pinterest.com/1001Remedies/,https://twitter.com/1001Remedies
1001saveurs.ch,,Votre épicier en ligne huiles et épices naturelles et sans déchets. | 1001 saveurs,http://instagram.com/1001saveurs.ch,1001saveurs.ch/collections/all?sort_by=best-selling,https://www.facebook.com/1001saveurs,https://www.pinterest.com/1001saveurs,https://twitter.com/1001saveurs
1001store.online,,1001 Store Online,https://www.instagram.com/1001store,1001store.online/collections/all?sort_by=best-selling,https://www.facebook.com/1001store,https://www.pinterest.com/1001store,https://twitter.com/1001store
1001swim.com,,1001 swim,https://www.instagram.com/1001swim,1001swim.com/collections/all?sort_by=best-selling,https://www.facebook.com/1001swim/,https://www.pinterest.com/1001swim,https://twitter.com/1001swim
100acres.co.uk,,100 Acres Apothecary,https://www.instagram.com/100_Acres/,100acres.co.uk/collections/all?sort_by=best-selling,https://www.facebook.com/100AcresApothecary/,https://www.pinterest.com/100acres,https://twitter.com/100AcresUK
100akres.com,,100 Akres - Drum Loops | Drum Sample Packs | Ableton Live Packs,http://instagram.com/100akres,100akres.com/collections/all?sort_by=best-selling,https://www.facebook.com/100akres,https://www.pinterest.com/100akres,https://twitter.com/100akres
100checkout.com,,op bshop,https://www.instagram.com/100checkout,100checkout.com/collections/all?sort_by=best-selling,https://www.facebook.com/100checkout,https://www.pinterest.com/100checkout,https://twitter.com/100checkout
100dayjournal.com,,The 100-Day Journal,https://www.instagram.com/the100dayjournal/,100dayjournal.com/collections/all?sort_by=best-selling,https://www.facebook.com/100dayjournal/?fref=ts,https://www.pinterest.com/100dayjournal,https://twitter.com/100dayjournal
100elizabethstreet.com.au,,"100 Elizabeth Street | Luxurious Accomodation Hobart Tasmania – Luxurious Holiday Accomodation. 100 Elizabeth Street, Hobart Tasmania. Site By Kwerty Digital.",https://www.instagram.com/100elizabethstreet,100elizabethstreet.com.au/collections/all?sort_by=best-selling,https://www.facebook.com/100elizabethstreet,https://www.pinterest.com/100elizabethstreet,https://twitter.com/100elizabethstreet
100ideas.com,,100ideas.com – 100 ideas,https://www.instagram.com/100ideasexplore/,100ideas.com/collections/all?sort_by=best-selling,https://www.facebook.com/100ideas,https://www.pinterest.com/100ideas,https://twitter.com/100IdeasExplore
100kmph.com,,100kmph-Online Automotive Clothing Apparels and Accessories Store,https://www.instagram.com/100kmphofficial/?hl=en,100kmph.com/collections/all?sort_by=best-selling,https://www.facebook.com/100kmph/,https://www.pinterest.com/100kmph,https://twitter.com/hundredkmph?lang=en
100milesbrand.com,,100 Miles Brand,https://www.instagram.com/100milesbrand/,100milesbrand.com/collections/all?sort_by=best-selling,https://www.facebook.com/100milesbrand/,https://www.pinterest.com/100milesbrand,https://twitter.com/100MILESBRAND
100mlbottles.co.uk,,100ml Bottles UK - eliquids | CBD | e-Cigarettes for Vaping,https://www.instagram.com/100mlbottles,100mlbottles.co.uk/collections/all?sort_by=best-selling,https://www.facebook.com/100mlbottles,https://www.pinterest.com/100mlbottles,https://twitter.com/100mlbottles
11alexander.com,,1.1ALEXANDER | Quality Menswear,https://instagram.com/1.1alexander,11alexander.com/collections/all?sort_by=best-selling,https://www.facebook.com/alexanderhongkong/,https://www.pinterest.com/11alexander,https://twitter.com/11alexander
11bravos.com,,11Bravos Apparel and Gear – 11Bravos.com,https://www.instagram.com/11bravos/?hl=en,11bravos.com/collections/all?sort_by=best-selling,https://www.facebook.com/11bravos,https://www.pinterest.com/11bravos,https://twitter.com/11bravos
11cart.com,,"11Cart : Kids Bikes , Toy Cars , Ride on Cars , Kids Jeep , Kids Cars.",https://www.instagram.com/11_cart/,11cart.com/collections/all?sort_by=best-selling,https://www.facebook.com/11Cart,https://in.pinterest.com/11Cart,https://twitter.com/11Cart_com
11dress.com,,11dress,https://www.instagram.com/11dress,11dress.com/collections/all?sort_by=best-selling,https://www.facebook.com/11dress,https://www.pinterest.com/11dress,https://twitter.com/11dress
11honore.com,,Designer Plus Size Women's Clothing | 11 Honoré,https://www.instagram.com/11honore/?hl=en,11honore.com/collections/all?sort_by=best-selling,https://www.facebook.com/11HONORE/,https://www.pinterest.com/11honore/,https://twitter.com/11honore
11pcresistanceband.com,,Resistance Band – ResistanceBandWorkout,https://www.instagram.com,11pcresistanceband.com/collections/all?sort_by=best-selling,https://www.facebook.com,https://www.pinterest.com,https://twitter.com/share?text=11PC%20Resistance%20Band&url=https://11pcresistanceband.com/products/11pc-resistance-band
11streetboutique.com,,11 Street Boutique,http://instagram.com/11streetboutique,11streetboutique.com/collections/all?sort_by=best-selling,https://www.facebook.com/11streetboutique,https://www.pinterest.com/11streetboutique,https://twitter.com/11streetboutique
11thave.com,,Avenue Shops,https://www.instagram.com/11thave,11thave.com/collections/all?sort_by=best-selling,https://www.facebook.com/11thave,https://www.pinterest.com/11thave,https://twitter.com/11thave
11thavenue.com,,Avenue Shops,https://www.instagram.com/11thavenue,11thavenue.com/collections/all?sort_by=best-selling,https://www.facebook.com/11thavenue,https://www.pinterest.com/11thavenue,https://twitter.com/11thavenue
11thco.com,,11TH,https://www.instagram.com/11thco,11thco.com/collections/all?sort_by=best-selling,https://www.facebook.com/11thco,https://www.pinterest.com/11thco,https://twitter.com/11thco
1200s.com,,Technics 1200 / 1210 Parts - MK2 MK3 M3D MK4 MK5 M5G MK5G MK6 Parts – 1200s.com,https://www.instagram.com/1200sdotcom/,1200s.com/collections/all?sort_by=best-selling,https://www.facebook.com/groups/technics1200s/,https://www.pinterest.com/1200s,https://twitter.com/1200s
120outfitters.com,,120outfittersshop | Making your outdoor life better. See where nature takes you.,https://www.instagram.com/120outfitters/,120outfitters.com/collections/all?sort_by=best-selling,https://www.facebook.com/120-Outfitters-152988735264782/,https://www.pinterest.com/120outfitters,https://twitter.com/120Outfitters
1212getgive.com,,"1212 | Organic, Sustainable Clothing for Babies and Kids– 12|12",https://instagram.com/1212,1212getgive.com/collections/all?sort_by=best-selling,https://www.facebook.com/1212getgive,https://www.pinterest.com/1212getgive,https://twitter.com/1212getgive
1213bst.com,,1213bst | Worldwide Shipping | Berlin's Buy-Sell-Trade Fashion Store,https://www.instagram.com/1213bst/,1213bst.com/collections/all?sort_by=best-selling,https://www.facebook.com/1213bst/,https://in.pinterest.com/1213bst/,https://twitter.com/1213bst
121consign.com,,"",https://www.instagram.com/121consign,121consign.com/collections/all?sort_by=best-selling,https://www.facebook.com/121consign,https://www.pinterest.com/121consign,https://twitter.com/121consign
121walkerstreet.com.au,,Chanel Staff Watch and Fine Jewellery Sale,https://www.instagram.com/121walkerstreet,121walkerstreet.com.au/collections/all?sort_by=best-selling,https://www.facebook.com/121walkerstreet,https://www.pinterest.com/121walkerstreet,https://twitter.com/121walkerstreet
1221market.com,,1221 Market,https://www.instagram.com/1221market,1221market.com/collections/all?sort_by=best-selling,https://www.facebook.com/1221market,https://www.pinterest.com/1221market,https://twitter.com/1221market
1224cocktails.com,,Twelve24 Cocktails,https://www.instagram.com/1224cocktails/,1224cocktails.com/collections/all?sort_by=best-selling,https://www.facebook.com/1224cocktails,https://www.pinterest.com/1224cocktails,https://twitter.com/1224cocktails
123.al,,123.al,https://www.instagram.com/123,123.al/collections/all?sort_by=best-selling,https://www.facebook.com/123,https://www.pinterest.com/123,https://twitter.com/123
12345-clothing.com,,12345 Clothing,http://instagram.com/12345clothing,12345-clothing.com/collections/all?sort_by=best-selling,https://www.facebook.com/12345clothing,https://www.pinterest.com/12345-clothing,https://twitter.com/12345clothing
1234apparelandwood.com,,1234 Apparel & Wood – 1234Clothing,https://www.instagram.com/1234apparelandwood/,1234apparelandwood.com/collections/all?sort_by=best-selling,https://www.facebook.com/sharer.php?u=https://1234apparelandwood.com/products/1234-exclusive-bundle,https://pinterest.com/pin/create/button/?url=https://1234apparelandwood.com/products/1234-exclusive-bundle&media=//cdn.shopify.com/s/files/1/0069/4275/2881/products/bundle_8d06c8f1-404e-4b08-b17a-c6ab54a47649_1024x1024.png?v=1587763402&description=1234%20Exclusive%20Bundle!,https://twitter.com/share?text=1234%20Exclusive%20Bundle!&url=https://1234apparelandwood.com/products/1234-exclusive-bundle
1234clothing.com,,1234 Apparel & Wood – 1234Clothing,https://www.instagram.com/1234apparelandwood/,1234clothing.com/collections/all?sort_by=best-selling,https://www.facebook.com/sharer.php?u=https://1234apparelandwood.com/products/1234-exclusive-bundle,https://pinterest.com/pin/create/button/?url=https://1234apparelandwood.com/products/1234-exclusive-bundle&media=//cdn.shopify.com/s/files/1/0069/4275/2881/products/bundle_8d06c8f1-404e-4b08-b17a-c6ab54a47649_1024x1024.png?v=1587763402&description=1234%20Exclusive%20Bundle!,https://twitter.com/share?text=1234%20Exclusive%20Bundle!&url=https://1234apparelandwood.com/products/1234-exclusive-bundle
123cosplay.com,,Anime stuff for sale. Anime wholesale – 123COSPLAY Anime Stuff,https://www.instagram.com/123cosplay,123cosplay.com/collections/all?sort_by=best-selling,https://www.facebook.com/123cosplay,https://www.pinterest.com/123cosplay,https://twitter.com/123cosplay
123designers.com.au,,123designers,https://www.instagram.com/123designers,123designers.com.au/collections/all?sort_by=best-selling,https://www.facebook.com/sharer.php?u=https://123designers.com.au,https://www.pinterest.com/123designers,https://twitter.com/123designers
123famille.com,,La joie de vivre en famille...,https://www.instagram.com/1.2.3.famille/,123famille.com/collections/all?sort_by=best-selling,https://www.facebook.com/123.famille/,https://www.pinterest.com/123famille,https://twitter.com/123famille
123growhydroponics.com,,Hydroponics and Gardening Supplies — 123 Grow Hydroponics,https://www.instagram.com/123growhydroponics,123growhydroponics.com/collections/all?sort_by=best-selling,https://www.facebook.com/123GrowHydroponics/,https://www.pinterest.com/123growhydroponics,https://twitter.com/123Growplants
123home.net.au,,"123home | Homewares, Gifts & Lifestyle Products Online",https://instagram.com/123home,123home.net.au/collections/all?sort_by=best-selling,https://www.facebook.com/shop123home,http://www.pinterest.com/123home,https://twitter.com/123home
123liquidacion.com,,"",https://www.instagram.com/123liquidation/,123liquidacion.com/collections/all?sort_by=best-selling,https://www.facebook.com/123-LiQuidation-1262646360560660,https://www.pinterest.com/123liquidacion,https://twitter.com/123Liquidation
123liquidation.com,,"",https://www.instagram.com/123liquidation/,123liquidation.com/collections/all?sort_by=best-selling,https://www.facebook.com/123-LiQuidation-1262646360560660,https://www.pinterest.com/123liquidation,https://twitter.com/123Liquidation
123newme.com,,123new me מייקאובר תזונתי – 123NEWME,https://www.instagram.com/123.newme/,123newme.com/collections/all?sort_by=best-selling,https://www.facebook.com/skinnymedetoxdiet/,https://www.pinterest.com/123newme,https://twitter.com/123newme
123phonecases.com,,123Phonecase - Mobile Accessories,https://www.instagram.com/123phonecases,123phonecases.com/collections/all?sort_by=best-selling,https://www.facebook.com/123phonecases,https://www.pinterest.com/123phonecases,https://twitter.com/123phonecases
123presets.com,,Mobile & desktop Lightroom Presets For Instagram And More,https://www.instagram.com/123presets,123presets.com/collections/all?sort_by=best-selling,https://www.facebook.com/123presets,https://www.pinterest.com/123presets,https://twitter.com/123presets
123presets.store,,Mobile & desktop Lightroom Presets For Instagram And More,https://www.instagram.com/123presets,123presets.store/collections/all?sort_by=best-selling,https://www.facebook.com/123presets,https://www.pinterest.com/123presets,https://twitter.com/123presets
123superdeals.nl,,123superdeals.nl - De allerleukste deals voor de laagste prijs!,https://www.instagram.com/123superdeals/,123superdeals.nl/collections/all?sort_by=best-selling,https://www.facebook.com/123superdealsnl-537105340041829/,https://www.pinterest.com/123superdeals,https://twitter.com/123superdeals
123t.com,,123t Funny T-shirts | Men & Women – 123t T-Shirts & Hoodies,https://instagram.com/123teeuk,123t.com/collections/all?sort_by=best-selling,https://www.facebook.com/123teeuk/,https://pinterest.com/123tusa,https://twitter.com/123teeuk
123t.com.au,,123t Australia T-Shirts & Hoodies,https://www.instagram.com/123t,123t.com.au/collections/all?sort_by=best-selling,https://www.facebook.com/sharer.php?u=https://www.123t.com.au,https://www.pinterest.com/123t,https://twitter.com/share?url=https://www.123t.com.au&text=123t Australia T-Shirts & Hoodies
123tech.store,,hitech-vn,https://www.instagram.com/123tech,123tech.store/collections/all?sort_by=best-selling,https://www.facebook.com/123tech,https://www.pinterest.com/123tech,https://twitter.com/123tech
123tequila.de,,123tequila,https://www.instagram.com/123tequila,123tequila.de/collections/all?sort_by=best-selling,https://www.facebook.com/123tequila,https://www.pinterest.com/123tequila,https://twitter.com/123tequila
123x.al,,Experience Albania with Us – 123x.al,https://www.instagram.com/123x,123x.al/collections/all?sort_by=best-selling,https://www.facebook.com/sharer/sharer.php?u=https://123x.al,https://www.pinterest.com/123x,http://twitter.com/share?url=https://123x.al
124shoes.com,,124 shoes: not for the ordinary – 124 Shoes,https://www.instagram.com/124shoes/,124shoes.com/collections/all?sort_by=best-selling,https://www.facebook.com/124Shoes/,https://www.pinterest.com/124shoes,https://twitter.com/124shoes
1250ships.com,,The World of Miniature Ships – 1250Ships.com,https://www.instagram.com/1250ships,1250ships.com/collections/all?sort_by=best-selling,https://www.facebook.com/1250ships/,https://www.pinterest.com/1250ships/,https://twitter.com/1250ships
126boutique.com,,126 Boutique,https://instagram.com/126boutique,126boutique.com/collections/all?sort_by=best-selling,https://www.facebook.com/126BoutiqueLLC/,https://www.pinterest.com/126boutique/,https://twitter.com/home?status=https://126boutique.com/products/so-chill-biker-shorts-set-red via @
1290sqm.com,,1290 Square Meters established 2001. – 1290SQM,https://www.instagram.com/1290sqm,1290sqm.com/collections/all?sort_by=best-selling,https://www.facebook.com/1290SQMIstanbul/,https://www.pinterest.com/1290sqm,https://twitter.com/1290sqm
12am.pk,,Nightwears in Pakistan - Pjs - Nightsuits - Buy Online Sleepwear,https://instagram.com/12ampk,12am.pk/collections/all?sort_by=best-selling,https://www.facebook.com/12am,https://www.pinterest.com/12am,https://twitter.com/12am
12amrun.com,,12amrun | Sneakers. Fashion. Lifestyle.,http://www.instagram.com/12amrun,12amrun.com/collections/all?sort_by=best-selling,https://www.facebook.com/12amrun/,https://www.pinterest.com/12amrun,http://www.twitter.com/12amrun
12baskets.com,,Nutrition and Vitamin Supplements Store Vancouver- Health Food Burnbay,https://instagram.com/12basketsnutrition,12baskets.com/collections/all?sort_by=best-selling,https://www.facebook.com/12-Baskets-Nutrition-Health-155677494506212/,https://www.pinterest.com/12baskets,https://twitter.com/12BasketsCanada
12crw.com,,12crew apparel made with love in Mexico,https://www.instagram.com/12crw,12crw.com/collections/all?sort_by=best-selling,https://www.facebook.com/12crw,https://www.pinterest.com/12crw,https://twitter.com/12crw
12cups.com.sa,,12Cups,https://www.instagram.com/12_cups/,12cups.com.sa/collections/all?sort_by=best-selling,https://www.facebook.com/cups12/,https://www.pinterest.com/12cups,https://twitter.com/12_cups
12kapparel.ca,,12KApparel - Unique Deals,https://www.instagram.com/12kapparel,12kapparel.ca/collections/all?sort_by=best-selling,https://www.facebook.com/sharer.php?u=https://12kapparel.ca/products/pencil-dresses,https://pinterest.com/pin/create/button/?url=https://12kapparel.ca/products/pencil-dresses&media=//cdn.shopify.com/s/files/1/0314/5439/6555/products/product-image-1281287093_1024x1024.jpg?v=1583023657&description=Pencil%20dresses,https://twitter.com/share?text=Pencil%20dresses&url=https://12kapparel.ca/products/pencil-dresses
12oclock.us,,12oclock.US Luxury Watches For Wholesale Prices — 12oclock.us,https://www.instagram.com/12oclock,12oclock.us/collections/all?sort_by=best-selling,https://www.facebook.com/sharer.php?u=https://12oclock.us/products/cartier-ballon-bleu-automatic-18-kt-yellow-gold-automatic-two-tone-stainless-steel-watch-w69009z3,https://pinterest.com/pin/create/button/?url=https://12oclock.us/products/cartier-ballon-bleu-automatic-18-kt-yellow-gold-automatic-two-tone-stainless-steel-watch-w69009z3&media=//cdn.shopify.com/s/files/1/0006/7026/9499/products/W69009Z3_1024x.jpg?v=1579120679&description=Cartier%20Ballon%20Bleu%20Automatic%2018%20Kt%20Yellow%20Gold%20Automatic%20Two-Tone%20Stainless%20Steel%20Watch%20W69009Z3,https://twitter.com/share?url=https://12oclock.us/products/cartier-ballon-bleu-automatic-18-kt-yellow-gold-automatic-two-tone-stainless-steel-watch-w69009z3
12ozprophet.com,,12ozProphet,https://www.instagram.com/12ozProphet/,12ozprophet.com/collections/all?sort_by=best-selling,https://www.facebook.com/12ozprophet,https://www.pinterest.com/12ozProphet/,https://twitter.com/12ozprophet
12steplifestyle.com,,12 Step Lifestyle - Celebrating Recovery,https://www.instagram.com/12steplifestyle/,12steplifestyle.com/collections/all?sort_by=best-selling,https://www.facebook.com/12StepLifestyle,https://www.pinterest.com/12steplifestyle/,https://twitter.com/12StepLifestyle
12thavenueiron.com,,"12th Avenue Iron Inc. – Forging, Fabrication, and Design",https://www.instagram.com/12thavenueiron,12thavenueiron.com/collections/all?sort_by=best-selling,https://www.facebook.com/12thavenueiron,https://www.pinterest.com/12thavenueiron,https://twitter.com/12thavenueiron
12thmanshop.com,,12th Man Shop | Texas A&M | Aggies | The Official Athletics Store – 12th Man Shop - The Official Store of the Athletic Department,https://www.instagram.com/12thman/,12thmanshop.com/collections/all?sort_by=best-selling,https://www.facebook.com/AggieAthletics/,https://www.pinterest.com/12thmanshop,https://twitter.com/12thman
12thtribe.com,,12th Tribe,https://www.instagram.com/shop12thtribe/,12thtribe.com/collections/all?sort_by=best-selling,https://www.facebook.com/12thtribeshop,https://www.pinterest.com/12thTribe/,https://twitter.com/shop12thtribe
12timbers.com,,Twelve Timbers – 12timbers,https://www.instagram.com/12timbers,12timbers.com/collections/all?sort_by=best-selling,https://www.facebook.com/12timbers,https://www.pinterest.com/12timbers,https://twitter.com/12timbers
12vmonster.com,,Shop And Buy Here For LED And Halogen Light Bulb At Wholesale Price,https://www.instagram.com/12vmonster/,12vmonster.com/collections/all?sort_by=best-selling,https://www.facebook.com/12Vmonster/,https://www.pinterest.com/12VMonsterOfficial/,https://twitter.com/hashtag/12Vmonster?src=hash
12volt.solutions,,12Volt.Solutions | 12Volt.Solutions - Home,https://www.instagram.com/12volt.Solutions/,12volt.solutions/collections/all?sort_by=best-selling,https://www.facebook.com/12VoltSolutions-634009260140903/,https://www.pinterest.com/12volt,https://twitter.com/12VoltSolutionz
12vsolarenergy.com,,Flexible Solar Panels |Charge Controller | Solar Kits – Solarparts Store,https://www.instagram.com/isolarparts,12vsolarenergy.com/collections/all?sort_by=best-selling,https://www.facebook.com/Shenzhen-Solarparts-Inc-Shenzhen-Puguang-Solar-Energy-Coltd-163703784101950/,https://www.pinterest.com/huangv0416/,https://twitter.com/philip85424279
12vtechnology.com,,Buy 12 Volt Accessory Components For Auto & Industrial | 12vtechnology – 12vtechnology LLC,https://www.instagram.com/12vtechnology,12vtechnology.com/collections/all?sort_by=best-selling,https://www.facebook.com/12vtechnology,https://www.pinterest.com/12vtechnology,https://twitter.com/12vtechnology
12x12cardstock.shop,,12x12 Cardstock | Glitter Paper | Scrapbooking & Textured Cardstock – 12x12 Cardstock Shop,https://www.instagram.com/12x12cardstock/,12x12cardstock.shop/collections/all?sort_by=best-selling,https://www.facebook.com/12x12CardstockShop/,https://www.pinterest.com/12x12Cardstock/,https://twitter.com/12x12Cardstock
12xlstore.com,,Mens Plus Size Clothing | Big And Tall Menswear Clothing | 12XLStore.com Mens plus size clothing | Big and Tall clothing | 12XLStore.com,https://www.instagram.com/12xlstore,12xlstore.com/collections/all?sort_by=best-selling,https://www.facebook.com/12xlstore,https://www.pinterest.com/12xlstore,https://twitter.com/12xlstore
1300shadecloth.com.au,,Shade Cloth Wholesaler - 1.83m x 50m Roll From $165 – 1300ShadeCloth,https://www.instagram.com/1300shadecloth,1300shadecloth.com.au/collections/all?sort_by=best-selling,https://www.facebook.com/1300ShadeCloth-933729030035593,https://www.pinterest.com/1300shadecloth,https://twitter.com/1300shadecloth
131-studio.com,,L'agence Shopify N°1 en France – STUDIO 131 - Agence Shopify,https://www.instagram.com/studio131_france/,131-studio.com/collections/all?sort_by=best-selling,https://www.facebook.com/ShopifyStudio131/,https://www.pinterest.com/131-studio,https://twitter.com/131_studio
1313candle.com,,1313 Candle Company | Hand-poured Small Batch Candles1313 Candle Company | Hand-poured Small Batch Candles | 1313 Candle Co.1313 Candle Co. | Hand-poured Candles,https://www.instagram.com/1313candle,1313candle.com/collections/all?sort_by=best-selling,https://www.facebook.com/1313candle,https://www.pinterest.com/1313candle,https://twitter.com/1313candle
131bottles.com,,131 Hydration System | Order the 131 Hydration System and get free shipping | Chalene Johnson,https://www.instagram.com/131bottles,131bottles.com/collections/all?sort_by=best-selling,https://www.facebook.com/131bottles,https://www.pinterest.com/131bottles,https://twitter.com/131bottles
131express.com,,Shop for your best lifestyle gadget in Singapore - 131Express – 131express,https://www.instagram.com/131express/,131express.com/collections/all?sort_by=best-selling,https://www.facebook.com/131express/,https://www.pinterest.com/131express,https://twitter.com/131express
1340collective.com,,1340 COLLECTIVE – 1340 COLLECTIVE CO,http://instagram.com/1340collective,1340collective.com/collections/all?sort_by=best-selling,https://www.facebook.com/1340collective,https://www.pinterest.com/1340collective,http://twitter.com/1340collective
1340collectiveco.com,,1340 COLLECTIVE – 1340 COLLECTIVE CO,http://instagram.com/1340collective,1340collectiveco.com/collections/all?sort_by=best-selling,https://www.facebook.com/1340collectiveco,https://www.pinterest.com/1340collectiveco,http://twitter.com/1340collective
139made.com,,139Made – Creative Christian Apparel,http://instagram.com/139made,139made.com/collections/all?sort_by=best-selling,https://www.facebook.com/139Made,https://www.pinterest.com/139made,https://twitter.com/139made
13andmarket.com,,Thirteen & Market Home Decor and Gifts,https://instagram.com/13andmarket,13andmarket.com/collections/all?sort_by=best-selling,https://www.facebook.com/13andmarket,https://pinterest.com/13andmarket,https://twitter.com/13andmarket
13knives.com.au,,13 Knives - Custom Hand Made Knives in Collingwood Melbourne Australia,https://www.instagram.com/thirteen_knives/,13knives.com.au/collections/all?sort_by=best-selling,https://www.facebook.com/BudBlades/,https://www.pinterest.com/13knives,https://twitter.com/13knives
13reasonswhysoundtrack.com,,13 Reasons Why: Official Soundtrack,https://www.instagram.com/13reasonswhysoundtrack,13reasonswhysoundtrack.com/collections/all?sort_by=best-selling,https://www.facebook.com/13reasonswhysoundtrack,https://www.pinterest.com/13reasonswhysoundtrack,https://twitter.com/13reasonswhysoundtrack
13seeds.com.au,,13 Seeds Hemp Farm and Store,https://www.instagram.com/13seeds/,13seeds.com.au/collections/all?sort_by=best-selling,https://www.facebook.com/13seedshempfarm/,https://www.pinterest.com/13seeds,https://twitter.com/13seedshempfarm
13stripes.co,,13 Stripes-Patriotic American Flag Hats,https://www.instagram.com/13stripes,13stripes.co/collections/all?sort_by=best-selling,https://www.facebook.com/13stripes,https://www.pinterest.com/13stripes,https://twitter.com/13stripes
13thirteen.com.sg,,Best baby carriers Singapore | Baby slings and carriers – 13Thirteen,https://www.instagram.com/13thirteensg/,13thirteen.com.sg/collections/all?sort_by=best-selling,https://www.facebook.com/13thirteenSG/,https://www.pinterest.com/13thirteen,https://twitter.com/13thirteen
13thtitan.com,,Morale Tactical Cosplay Biker movie replica patches – Titan One,https://instagram.com/13thtitangear,13thtitan.com/collections/all?sort_by=best-selling,https://www.facebook.com/shopify,https://www.pinterest.com/13thtitan,https://twitter.com/shopify
13to24shoes.com,,We sell BiG shoes for BIG guys 13 to 18+,https://www.instagram.com/13to24/,13to24shoes.com/collections/all?sort_by=best-selling,https://www.facebook.com/13to24/,https://www.pinterest.com/13to24,https://twitter.com/13to24
1400brand.com,,Please Log In,https://www.instagram.com/1400brand,1400brand.com/collections/all?sort_by=best-selling,https://www.facebook.com/1400brand,https://www.pinterest.com/1400brand,https://twitter.com/1400brand
143worldwide.com,,143 WORLDWIDE | YOUR FAVORITE R&B PARTY & BRAND – 143WORLDWIDE,https://www.instagram.com/143worldwide,143worldwide.com/collections/all?sort_by=best-selling,https://www.facebook.com/pg/onefourthree.637/photos/?tab=albums,https://www.pinterest.com/143worldwide,https://twitter.com/_143is?lang=en
144-1.com,,Texas 144.1 | Home,https://www.instagram.com/_144.1/,144-1.com/collections/all?sort_by=best-selling,https://www.facebook.com/weaponized.design/,https://www.pinterest.com/144-1,https://twitter.com/144-1
14candles.com,,14Candles,https://www.instagram.com/14.Candles/,14candles.com/collections/all?sort_by=best-selling,https://www.facebook.com/14candles,https://www.pinterest.com/14candles,https://twitter.com/14candles
14erboulder.com,,14er Boulder,https://www.instagram.com/bouldersonly14er,14erboulder.com/collections/all?sort_by=best-selling,https://www.facebook.com/14erRec/,https://www.pinterest.com/14erboulder,https://twitter.com/14erholistics
14ersmaps.com,,Colorado Topographic Hiking Maps | Outdoor Trail Maps LLC – 14ers Maps,https://www.instagram.com/outdoortrailmaps/,14ersmaps.com/collections/all?sort_by=best-selling,https://www.facebook.com/outdoortrailmaps/,https://www.pinterest.com/14ersmaps,https://twitter.com/14ersmaps
14ertactical.com,,"14er Tactical - Peak Quality, Military Inspired, Outdoor Gear",https://www.instagram.com/14ertactical/,14ertactical.com/collections/all?sort_by=best-selling,https://www.facebook.com/14ertactical/,https://www.pinterest.com/14ertactical,https://twitter.com/14ertactical
14pavo.com,,13 FUTURES,https://www.instagram.com/13.futures/,14pavo.com/collections/all?sort_by=best-selling,https://www.facebook.com/shop13futures/,https://www.pinterest.com/14pavo,https://twitter.com/14pavo
14point7.com,,14Point7 | High Performance Tuning Tools for High Performance Engines,https://www.instagram.com/14point7,14point7.com/collections/all?sort_by=best-selling,https://www.facebook.com/14point7,https://www.pinterest.com/14point7,https://twitter.com/toalan14point7
14thavenue.co.uk,,14th Avenue Dungannon,https://www.instagram.com/14thavenuedungannon/,14thavenue.co.uk/collections/all?sort_by=best-selling,https://www.facebook.com/14thavenueclothing,https://www.pinterest.com/14thavenue,https://twitter.com/14thavenue
1502candleco.com,,"1502 Candle Co. - Made with intention, thoughtfully created.",https://www.instagram.com/1502candleco/,1502candleco.com/collections/all?sort_by=best-selling,http://www.facebook.com/1502CandleCo,https://www.pinterest.com/1502CandleCo/,https://twitter.com/1502candleco
1521store.com,,15:21 - Nobody wants bad karma in their pocket,https://instagram.com/1521sthlm,1521store.com/collections/all?sort_by=best-selling,https://www.facebook.com/1521store?fref=ts,https://www.pinterest.com/1521store,https://twitter.com/1521store
152store.com,,High End Streetwear & Sneakers – 152Store,https://www.instagram.com/152store/,152store.com/collections/all?sort_by=best-selling,https://www.facebook.com/152store/,https://www.pinterest.com/152store,https://twitter.com/152store
1543premiumleggings.com,,1543 Premium Leggings,https://www.instagram.com/1543premiumleggings,1543premiumleggings.com/collections/all?sort_by=best-selling,https://www.facebook.com/1543premiumleggings,https://www.pinterest.com/1543premiumleggings,https://twitter.com/1543premiumleggings
156manhattan.com,,Sexshop Amsterdam | Newside Eroticshop Amsterdam,https://instagram.com/Newside156,156manhattan.com/collections/all?sort_by=best-selling,https://www.facebook.com/mynewside,https://www.pinterest.com/156manhattan,https://twitter.com/Newside156
15fathoms.com,,15 Fathoms Deep Sea Apparel,https://www.instagram.com/15_fathoms/,15fathoms.com/collections/all?sort_by=best-selling,https://www.facebook.com/15fathoms1982/?ref=aymt_homepage_panel,https://www.pinterest.com/15fathoms1982/,https://twitter.com/15fathoms1982
15squarestreet.com,,Multi-brand select shop in Hong Kong – 15squarestreet,http://instagram.com/15squarestreet,15squarestreet.com/collections/all?sort_by=best-selling,https://www.facebook.com/15squarestreet,https://www.pinterest.com/15squarestreet,https://twitter.com/15squarestreet
15thstsurfsupply.com,,15THSTSURFSUPPLY.COM,https://instagram.com/15thstsurfsupply,15thstsurfsupply.com/collections/all?sort_by=best-selling,https://www.facebook.com/15thstsurfsupply,https://www.pinterest.com/15thstsurfsupply,https://twitter.com/15thstsurfsupply
